{
  "version": 1,
  "author": "Anonymous maker",
  "editor": "wokwi",
  "parts": [
    {
      "type": "board-esp32-devkit-c-v4",
      "id": "esp",
      "top": 0,
      "left": 0,
      "attrs": { "env": "micropython-20231227-v1.22.0" }
    },
    {
      "type": "wokwi-relay-module",
      "id": "relay1",
      "top": -54.6,
      "left": -198,
      "rotate": 270,
      "attrs": {}
    }
  ],
  "connections": [
    [ "esp:TX", "$serialMonitor:RX", "", [] ],
    [ "esp:RX", "$serialMonitor:TX", "", [] ],
    [ "relay1:GND", "esp:GND.1", "black", [ "v0" ] ],
    [ "relay1:VCC", "esp:5V", "red", [ "v0" ] ],
    [ "relay1:IN", "esp:26", "green", [ "v0" ] ]
  ],
  "dependencies": {}
}