{
  "version": 1,
  "author": "Anonymous maker",
  "editor": "wokwi",
  "parts": [
    {
      "type": "board-esp32-devkit-c-v4",
      "id": "esp",
      "top": 124.8,
      "left": 168.04,
      "attrs": { "env": "micropython-20231227-v1.22.0" }
    },
    {
      "type": "wokwi-hc-sr04",
      "id": "ultrasonic1",
      "top": -65.7,
      "left": 139.9,
      "attrs": { "distance": "352" }
    },
    {
      "type": "wokwi-relay-module",
      "id": "relay1",
      "top": 89.4,
      "left": -25.2,
      "rotate": 270,
      "attrs": {}
    },
    {
      "type": "wokwi-relay-module",
      "id": "relay2",
      "top": 214.2,
      "left": 320.4,
      "rotate": 270,
      "attrs": {}
    }
  ],
  "connections": [
    [ "esp:TX", "$serialMonitor:RX", "", [] ],
    [ "esp:RX", "$serialMonitor:TX", "", [] ],
    [ "relay1:VCC", "esp:5V", "red", [ "v0" ] ],
    [ "relay1:GND", "esp:CMD", "black", [ "v0" ] ],
    [ "relay1:IN", "esp:26", "green", [ "v0" ] ],
    [ "ultrasonic1:VCC", "esp:3V3", "red", [ "v19.2", "h-76.8", "v9.6" ] ],
    [ "ultrasonic1:TRIG", "esp:32", "magenta", [ "v76.8", "h-77.2", "v9.6" ] ],
    [ "ultrasonic1:ECHO", "esp:33", "cyan", [ "v76.8", "h-0.8", "v9.6", "h-76.8", "v105.6" ] ],
    [ "ultrasonic1:GND", "esp:GND.2", "black", [ "v76.8", "h46.8", "v48" ] ],
    [ "relay2:VCC", "esp:5V", "red", [ "v57.6", "h-220.8", "v-9.6" ] ],
    [ "relay2:GND", "esp:GND.3", "black", [ "v28.8", "h-29.2", "v0", "h-28.8", "v-124.8" ] ],
    [ "relay2:IN", "esp:2", "yellow", [ "v38.4", "h-105.8", "v-57.6" ] ]
  ],
  "dependencies": {}
}