{
  "version": 1,
  "author": "Anonymous maker",
  "editor": "wokwi",
  "parts": [
    {
      "type": "board-esp32-devkit-c-v4",
      "id": "esp",
      "top": 57.6,
      "left": 4.84,
      "attrs": { "env": "micropython-20231227-v1.22.0" }
    },
    {
      "type": "wokwi-hc-sr04",
      "id": "ultrasonic1",
      "top": -56.1,
      "left": -301.7,
      "attrs": { "distance": "105" }
    }
  ],
  "connections": [
    [ "esp:TX", "$serialMonitor:RX", "", [] ],
    [ "esp:RX", "$serialMonitor:TX", "", [] ],
    [ "ultrasonic1:GND", "esp:CMD", "black", [ "v0" ] ],
    [ "ultrasonic1:VCC", "esp:3V3", "red", [ "v0" ] ],
    [ "ultrasonic1:TRIG", "esp:32", "magenta", [ "v0" ] ],
    [ "ultrasonic1:ECHO", "esp:33", "green", [ "v0" ] ]
  ],
  "dependencies": {}
}